{"initial_reset_timestamp": 1549900759.3277051, "timestamps": [1549900760.3373466], "episode_lengths": [21], "episode_rewards": [21.0], "episode_types": ["t"]}